<?xml version="1.0"?>
<opencv_storage>
<intrinsic type_id="opencv-matrix">
  <rows>3</rows>
  <cols>3</cols>
  <dt>f</dt>
  <data>
    5.65146179e+02 0. 3.14276642e+02 0. 5.67260010e+02 2.38061874e+02 0.
    0. 1.</data></intrinsic>
<rotation type_id="opencv-matrix">
  <rows>1</rows>
  <cols>3</cols>
  <dt>f</dt>
  <data>
    2.67396903e+00 3.66915703e-01 2.87532657e-01</data></rotation>
<translation type_id="opencv-matrix">
  <rows>1</rows>
  <cols>3</cols>
  <dt>f</dt>
  <data>
    -2.02390869e+02 3.13357792e+01 4.27964722e+02</data></translation>
<distortion type_id="opencv-matrix">
  <rows>1</rows>
  <cols>4</cols>
  <dt>f</dt>
  <data>
    4.91851121e-02 -1.05757281e-01 -6.19615102e-03 -3.42327077e-03</data></distortion>
</opencv_storage>
